pair,a,b,chains_a,chains_b,method,k,seed,reverse,status,residues,segments,baseline_rmsd_A,final_rmsd_A,fractional_rmsd,setup_seconds,total_seconds,peak_rss_MB,max_bond_change_A,max_angle_change_deg,function_evaluations,error
Ribose-binding protein,1BA2,2DRI,A,A,cartesian,10,0,False,success,271,1,6.192237963279534,1.5615842697083413,0.25218415037804764,0.11748780599998554,0.12027945500005899,90.0859375,0.6641867412442464,35.183622428507746,7,
Ribose-binding protein,1BA2,2DRI,A,A,torsion,10,0,False,success,271,1,6.192237963279534,1.0638144570976402,0.17179805805367057,0.22645986599991375,0.9396006089999673,111.91796875,1.532107773982716e-13,1.3409218537050187e-11,22,
Ribose-binding protein,2DRI,1BA2,A,A,cartesian,10,0,True,success,271,1,6.192237963279535,2.5264847668902717,0.40800834558886917,0.13019339999993917,0.13342323999995642,90.00390625,4.750891424178495,54.55811787031772,12,
Ribose-binding protein,2DRI,1BA2,A,A,torsion,10,0,True,success,271,1,6.192237963279535,3.559174633488098,0.5747800156573903,0.22832885299999361,1.2160892489999924,111.87890625,2.5135449277513544e-13,1.4350662722763387e-11,32,
Calmodulin,1CLL,1CTR,A,A,cartesian,10,0,False,success,138,2,14.725175125235674,14.481073792867177,0.9834228570938921,0.05292671300003349,0.05502497600002698,69.8671875,1.3762238523253487,30.737110404784683,7,
Calmodulin,1CLL,1CTR,A,A,torsion,10,0,False,success,138,2,14.725175125235674,1.6279689929649401,0.11055685104722207,0.05523781700003383,0.6627657169999566,75.08203125,4.618527782440651e-14,3.027888056753268e-12,46,
Calmodulin,1CTR,1CLL,A,A,cartesian,10,0,True,success,138,2,14.725175125235674,10.434418140991047,0.708610801042955,0.03314864900005432,0.035280653000086204,69.8984375,2.075201883388199,38.70565112135661,8,
Calmodulin,1CTR,1CLL,A,A,torsion,10,0,True,success,138,2,14.725175125235674,4.8224972456450415,0.3275001624517425,0.05679377299998123,0.4729884979999497,75.06640625,5.306866057708248e-14,3.5367768057874305e-12,30,
LAO binding protein,2LAO,1LST,A,A,cartesian,10,0,False,success,238,1,4.698819910260107,1.2788951484099873,0.2721736888910035,0.08615838799994435,0.08898780300000908,83.20703125,0.6996569554928112,11.999113527878945,11,
LAO binding protein,2LAO,1LST,A,A,torsion,10,0,False,success,238,1,4.698819910260107,0.9911696749607073,0.2109401283493413,0.16785367700003917,0.5736679940000613,100.015625,1.092459456231154e-13,7.595164579334878e-12,15,
LAO binding protein,1LST,2LAO,A,A,cartesian,10,0,True,success,238,1,4.698819910260108,3.29888852887958,0.7020674535059946,0.09513369699993746,0.09747448500002065,83.60546875,1.196431846025804,28.63934630342635,7,
LAO binding protein,1LST,2LAO,A,A,torsion,10,0,True,success,238,1,4.698819910260108,3.7124773523151053,0.7900871757627327,0.1712636829998928,0.6281151869999348,100.1171875,1.3722356584366935e-13,8.930997545549556e-12,17,
Ribonuclease III,1YZ9,1YYO,AB,AB,cartesian,10,0,False,success,438,2,7.263709426183282,2.224112517891641,0.30619513906688606,0.18022572500001388,0.18329021400006695,107.0,0.6486550042872763,25.41803498220135,7,
Ribonuclease III,1YZ9,1YYO,AB,AB,torsion,10,0,False,success,438,2,7.263709426183282,1.4978944969651096,0.20621619190405563,0.6668579759999602,2.227808186999937,188.88671875,1.745270594710746e-13,1.2213329976819904e-11,32,
Ribonuclease III,1YYO,1YZ9,AB,AB,cartesian,10,0,True,success,438,2,7.26370942618326,2.1374306007769643,0.2942615783985297,0.2200102809999862,0.2233779279999908,109.1171875,0.48504655826508913,14.798220681523258,7,
Ribonuclease III,1YYO,1YZ9,AB,AB,torsion,10,0,True,success,438,2,7.26370942618326,0.9622811537715795,0.13247792516353635,0.6320678199999747,2.8505433399999447,188.37109375,1.6586731987899839e-13,1.6182662219286373e-11,45,
Diphtheria toxin,1DDT,1MDT,A,A,cartesian,10,0,False,success,523,2,15.630739924557714,10.186085113136622,0.6516700528765816,0.30299437299993315,0.30614095599992197,125.94140625,1.6609585821338921,37.993011434876266,7,
Diphtheria toxin,1DDT,1MDT,A,A,torsion,10,0,False,success,523,2,15.630739924557714,6.194920009617828,0.39632928700226705,0.9705381490000491,3.3699665279999635,232.77734375,2.233768725545815e-13,1.432521828531168e-11,40,
Diphtheria toxin,1MDT,1DDT,A,A,cartesian,10,0,True,success,523,2,15.630739924557723,11.677418183664162,0.7470803199353071,0.497977629999923,0.5012496429999374,139.640625,3.6687613199821114,49.811774351332296,7,
Diphtheria toxin,1MDT,1DDT,A,A,torsion,10,0,True,success,523,2,15.630739924557723,6.673703829278215,0.42696019903658206,0.9777238180000722,4.102667394000036,234.0859375,2.3514523661560816e-13,1.5711940126429773e-11,52,
Lactoferrin,1LFH,1LFG,A,A,cartesian,10,0,False,success,691,1,6.42856146690767,2.5797415376886472,0.4012937499265415,0.5143967719999409,0.5181804759999977,139.21484375,0.7200108382610488,27.831388716652903,6,
Lactoferrin,1LFH,1LFG,A,A,torsion,10,0,False,success,691,1,6.42856146690767,2.8231738718436428,0.4391610605850944,1.9485298939999893,4.270321893999949,361.55078125,4.760636329592671e-13,2.686932594900379e-11,23,
Lactoferrin,1LFG,1LFH,A,A,cartesian,10,0,True,success,691,1,6.428561466907661,3.2283182518340565,0.5021836173539737,0.3968218009999873,0.401899415999992,138.5546875,1.770218592877129,28.200323593155975,7,
Lactoferrin,1LFG,1LFH,A,A,torsion,10,0,True,success,691,1,6.428561466907661,3.1622626328527352,0.49190828292319067,2.0447005889999446,4.166681036,361.31640625,5.344613640545504e-13,3.104221369108392e-11,20,
Aspartate transcarbamoylase,8ATC,5AT1,auto,auto,cartesian,10,0,False,success,912,4,4.9265711715277565,2.2261902451626536,0.4518741671750375,0.551425031000008,0.5548974959999668,159.66015625,0.18969873281001703,7.150057791534679,5,
Aspartate transcarbamoylase,8ATC,5AT1,auto,auto,torsion,10,0,False,success,912,4,4.9265711715277565,2.488818933483005,0.505182782675848,4.209586682999998,6.1357944999999745,574.046875,3.5771385853422544e-13,2.1882216208468994e-11,19,
Aspartate transcarbamoylase,5AT1,8ATC,auto,auto,cartesian,10,0,True,success,912,4,4.926571171527757,2.2599220456268445,0.45872107941678836,0.49881653500005996,0.5024273369999719,158.80859375,0.11147625785440907,8.159330493759409,5,
Aspartate transcarbamoylase,5AT1,8ATC,auto,auto,torsion,10,0,True,success,912,4,4.926571171527757,2.266417668575454,0.46003956700632115,4.13061932200003,7.792733343999998,573.7734375,2.5202062658991053e-13,2.0915327585304088e-11,36,
Aspartate aminotransferase,9AAT,1AMA,A,A,cartesian,10,0,False,success,401,1,1.6578188238661342,0.9670425495957811,0.5833222157175046,0.2113607869999896,0.21469776599997203,102.54296875,0.2125265953807094,12.29466568241266,8,
Aspartate aminotransferase,9AAT,1AMA,A,A,torsion,10,0,False,success,401,1,1.6578188238661342,0.8171698787897124,0.49291868751014817,0.5200660270000981,1.7087035289999903,166.546875,2.2182256032010628e-13,1.3002107537822857e-11,24,
Aspartate aminotransferase,1AMA,9AAT,A,A,cartesian,10,0,True,success,401,1,1.657818823866133,0.8584752596883974,0.5178341850929051,0.21237768599996798,0.21509288899994772,108.35546875,0.29776962250885886,13.084025194352717,7,
Aspartate aminotransferase,1AMA,9AAT,A,A,torsion,10,0,True,success,401,1,1.657818823866133,0.881210048945264,0.5315478605136291,0.5000752210000883,1.77695733500002,166.30078125,3.539391002504999e-13,1.2620440976047234e-11,24,
Skeletal muscle Ca2+ ATPase,1SU4,1IWO,A,A,cartesian,10,0,False,success,994,1,13.97080647738754,8.30061898033719,0.5941402877330069,0.8351584470000262,0.8393858890000274,171.8125,3.768284091098318,59.66379889095862,6,
Skeletal muscle Ca2+ ATPase,1SU4,1IWO,A,A,torsion,10,0,False,success,994,1,13.97080647738754,6.683095477515923,0.4783614667007844,5.401236054000037,10.027965392000056,660.9296875,8.484324354185446e-13,4.75556535972425e-11,27,
Skeletal muscle Ca2+ ATPase,1IWO,1SU4,A,A,cartesian,10,0,True,success,994,1,13.970806477387542,12.071761064033844,0.864070451736097,0.8116408099999717,0.816207052999971,169.44140625,2.520686532524383,47.99882618448299,7,
Skeletal muscle Ca2+ ATPase,1IWO,1SU4,A,A,torsion,10,0,True,success,994,1,13.970806477387542,9.913771534292293,0.7096062457337903,5.255943651999928,16.556980779000014,660.5234375,7.582823258189819e-13,4.3751710198212136e-11,65,
5-prime Nucleotidase,1HPU,1OID,D,A,cartesian,10,0,False,success,525,1,9.325033691967178,6.453089171281495,0.6920177861491643,0.378857868999944,0.3817155169999751,130.44140625,1.2283338744961536,30.327995279391686,6,
5-prime Nucleotidase,1HPU,1OID,D,A,torsion,10,0,False,success,525,1,9.325033691967178,5.196170388079985,0.5572280551174951,1.012619266999991,2.838553410999907,235.1953125,2.5934809855243657e-13,1.704777309264445e-11,26,
5-prime Nucleotidase,1OID,1HPU,A,D,cartesian,10,0,True,success,525,1,9.325033691967183,6.083178418715599,0.6523492160629726,0.4029161539999677,0.40597214100000656,131.32421875,3.3072438360416596,42.53162174389472,7,
5-prime Nucleotidase,1OID,1HPU,A,D,torsion,10,0,True,success,525,1,9.325033691967183,3.853222375277534,0.4132127027698351,1.1936247330000924,6.790032246999999,235.1015625,3.923528169025303e-13,2.011382780557528e-11,78,
Scallop myosin II,1QVI,1KK8,AYZ,ABC,cartesian,10,0,False,success,1078,10,27.45589425795795,19.015595466499526,0.6925870010949635,0.7942383370000243,0.7995208900000534,171.9921875,1.502510915610285,36.2387117193121,8,
Scallop myosin II,1QVI,1KK8,AYZ,ABC,torsion,10,0,False,success,1078,10,27.45589425795795,22.18006810727834,0.807843587205307,6.740548775999969,9.958272541000042,726.42578125,3.226308109560705e-13,1.7811106216195695e-11,29,
Scallop myosin II,1KK8,1QVI,ABC,AYZ,cartesian,10,0,True,success,1078,10,27.45589425795796,20.36120616351066,0.7415969034630536,0.8495414720000554,0.8557299010000179,174.171875,4.832745019589333,63.08664035020825,11,
Scallop myosin II,1KK8,1QVI,ABC,AYZ,torsion,10,0,True,success,1078,10,27.45589425795796,24.723514788944787,0.9004811337288273,6.533133938999981,9.34099676400001,726.43359375,3.61710661422876e-13,1.7098661967547867e-11,26,
T7 RNA polymerase,1MSW,1QLN,D,A,cartesian,10,0,False,success,843,4,18.274790899598994,13.954739702180174,0.7636059848152016,0.5380052599999772,0.5422709599999962,148.55859375,2.4292783957029718,46.49153932105315,8,
T7 RNA polymerase,1MSW,1QLN,D,A,torsion,10,0,False,success,843,4,18.274790899598994,13.818471052612288,0.7561493386452651,3.169765453000082,10.213677165000036,496.90234375,3.5127456499139953e-13,1.936321690074989e-11,71,
T7 RNA polymerase,1QLN,1MSW,A,D,cartesian,10,0,True,success,843,4,18.274790899599,17.83573188857469,0.9759746082219771,1.0688727300000664,1.0726832640000339,170.984375,2.144081052777441,23.179388062288346,6,
T7 RNA polymerase,1QLN,1MSW,A,D,torsion,10,0,True,success,843,4,18.274790899599,13.654974320761761,0.7472027666845364,3.270547366999949,7.863891947999946,497.59375,4.005684672847565e-13,2.5011882015029096e-11,46,
Nitrogen regulatory protein C,1DC8,1DC7,A,A,cartesian,10,0,False,success,123,2,3.246582399178595,3.0431539259358,0.9373407330446121,0.04069503599998825,0.04340438899998844,69.80859375,13.44681364186683,66.38578640300155,13,
Nitrogen regulatory protein C,1DC8,1DC7,A,A,torsion,10,0,False,success,123,2,3.246582399178595,2.922920293628357,0.90030682553071,0.045160906999967665,0.5301807319999625,71.03125,4.707345624410664e-14,2.824332557139603e-12,41,
Nitrogen regulatory protein C,1DC7,1DC8,A,A,cartesian,10,0,True,success,123,2,3.246582399178595,3.0209439464030883,0.9304996993661412,0.04106776399999035,0.04331653399992774,69.75,0.2406024740842001,10.208001523252017,6,
Nitrogen regulatory protein C,1DC7,1DC8,A,A,torsion,10,0,True,success,123,2,3.246582399178595,2.9694193956356307,0.9146293026127758,0.047603816000105326,0.24760446500010858,72.8203125,4.285460875053104e-14,2.1373327459434834e-12,17,
