method,k,seed,final_rmsd_A,fractional_rmsd,setup_seconds,fit_seconds,total_seconds,peak_process_rss_MB,optimizer_success,iterations,function_evaluations
cartesian,1,0,5.991530913360858,0.9675873163937034,0.8016034089996538,0.0013471170004777377,0.8374852889992326,149.84765625,True,2,5
cartesian,1,1,5.991530913360859,0.9675873163937037,0.8281668889994762,0.0012390439987939317,0.863760326999909,149.8359375,True,2,5
cartesian,1,2,5.9915309133608625,0.9675873163937042,0.8068393020002986,0.001418163999915123,0.8428146179994656,149.86328125,True,2,5
cartesian,2,0,2.287965741869886,0.36948931152803,0.8188929570005712,0.0015405689991894178,0.8555200280006829,149.84765625,True,4,6
cartesian,2,1,2.287965741869882,0.36948931152802933,0.7998592879994249,0.001485897000748082,0.8348688930000208,149.8828125,True,4,6
cartesian,2,2,2.287965741869877,0.3694893115280285,0.81193533700025,0.001996287999645574,0.8482162470008916,149.86328125,True,4,6
cartesian,5,0,1.8452007897723839,0.2979860917352614,0.8013632179990964,0.0016947629992500879,0.8357041899998876,149.8515625,True,5,7
cartesian,5,1,1.8452007897723948,0.29798609173526314,0.8194661050001741,0.0016960560005827574,0.8563965230005124,149.859375,True,5,7
cartesian,5,2,1.845200789772387,0.2979860917352619,0.8484616719997575,0.001723126999422675,0.8843593179990421,149.8671875,True,5,7
cartesian,10,0,1.5615842697108007,0.2521841503784447,0.8505130430003192,0.0019963179984188173,0.8874897469995631,149.8359375,True,6,8
cartesian,10,1,1.561584269710807,0.25218415037844577,0.829725994999535,0.0019445899997663219,0.8662871109991102,149.875,True,6,8
cartesian,10,2,1.5615842697108193,0.2521841503784477,0.8276505569992878,0.0018886849993577925,0.8637039959994581,149.86328125,True,6,8
torsion,1,0,5.613022745675826,0.906461085468856,0.4269715590016858,0.10197383199920296,0.5814254450015142,139.1484375,True,5,7
torsion,1,1,5.6130227456757895,0.9064610854688501,0.41207752199989045,0.12333132800085878,0.6096059609990334,139.00390625,True,5,7
torsion,1,2,5.6130227456758135,0.906461085468854,0.42134390200044436,0.12386211100056244,0.6157929349992628,139.06640625,True,5,7
torsion,2,0,1.8276173493702417,0.295146497955692,0.43933459099935135,0.4124889640006586,0.9016449319988169,139.14453125,True,7,22
torsion,2,1,1.827617349370347,0.29514649795570896,0.4179034010012401,0.187790555999527,0.6782706370013329,139.12890625,True,7,10
torsion,2,2,1.8276173493704044,0.29514649795571823,0.4347981940009049,0.18197917999896163,0.6914104340012273,139.16015625,True,6,9
torsion,5,0,1.1657292701808948,0.1882565361818719,0.4245206550003786,0.2542209460007143,0.7302022089988895,139.17578125,True,11,14
torsion,5,1,1.1657292701810358,0.1882565361818947,0.4221318930012785,0.2767298649996519,0.7726477120013442,139.15234375,True,11,14
torsion,5,2,1.1657292701810487,0.18825653618189678,0.41240573699906236,0.26293035999879066,0.7449330279996502,139.11328125,True,11,14
torsion,10,0,1.0638144570928567,0.17179805805289802,0.43062339199968847,0.445123286001035,0.9294698470002913,139.171875,True,19,23
torsion,10,1,1.0638144570934625,0.17179805805299586,0.4388128360005794,0.47831782799948996,0.9921077609997155,139.09765625,True,19,24
torsion,10,2,1.0638144570928376,0.17179805805289494,0.4584348449989193,0.5699204089996783,1.104087661999074,139.0625,True,23,27
